CDSCO Drug Name,FDA Drug Name,Similarity Score,Token Score,Ratio Score,Match Type,CDSCO Approval Date,FDA Approval Date,CDSCO Indication,FDA Indication
abatacept,Abatacept,1.0,100.0,100.0,Fuzzy,,15/12/2021,,"prophylaxis of acute graft versus host disease (aGVHD), in combination with a calcineurin inhibitor and methotrexate, in adults and pediatric patients 2 years of age and older undergoing hematopoietic stem cell transplantation (HSCT) from a matched or 1 allele-mismatched unrelated-donor"
acyclovir,Acyclovir,1.0,100.0,100.0,Fuzzy,,29/03/2019,,AVACLYR is a sterile topical antiviral indicated for the treatment of acute herpetic keratitis (dendritic ulcers) in patients with herpes simplex (HSV-1 and HSV-2) virus.
afatinib,Afatinib,1.0,100.0,100.0,Fuzzy,,15/04/2016,,"Treatment of patients with metastatic, squamous, non-small cell lung cancer progressing after platinum-based chemotherapy"
albendazole,Albendazole,1.0,100.0,100.0,Fuzzy,,11/06/1996,,"Treatment of parenchymal neurocysticercosis due to active lesions caused by larval forms of the pork tapeworm, Taenia solium."
alectinib,Alectinib,1.0,100.0,100.0,Fuzzy,,18/04/2024,,"adjuvant treatment in adult patients following tumor resection of anaplastic lymphoma kinase (ALK)-positive non-small cell lung cancer (NSCLC) (tumors greater than or equal to 4 cm or node positive), as detected by an FDA-approved test"
altretamine,Altretamine,1.0,100.0,100.0,Fuzzy,,26/12/1990,,Single agent palliative treatment of patients with persistent or recurrent ovarian cancer following first-line therapy with a cisplatin and/or alkylating agent based combination.
amantadine hydrochloride,Amantadine Hydrochloride,1.0,100.0,100.0,Fuzzy,,24/08/2017,,treatment of dyskinesia in patients with Parkinson's disease receiving levodopa-based therapy with or without concomitant dopminergic medications
ambrisentan,Ambrisentan,1.0,100.0,100.0,Fuzzy,,15/06/2007,,Treatment of pulmonary arterial hypertension (WHO group I) in patients with WHO class II or III symptoms to improve exercise capacity and delay clinical worsening
amifostine,Amifostine,1.0,100.0,100.0,Fuzzy,,08/12/1995,,To reduce the cumulative renal toxicity associated with repeated administration of cisplatin in patients with advanced ovarian cancer.
apomorphine hydrochloride,Apomorphine Hydrochloride,1.0,100.0,100.0,Fuzzy,,03/02/2025,,treatment of motor fluctuations in adults with advanced Parkinsons disease
aprotinin,Aprotinin,1.0,100.0,100.0,Fuzzy,,29/12/1993,,
aripiprazole,Aripiprazole,1.0,100.0,100.0,Fuzzy,,12/12/2014,,Treatment of pediatric patients with Tourette's
arsenic trioxide,Arsenic Trioxide,1.0,100.0,100.0,Fuzzy,,12/01/2018,,In combination with tretinoin for treatment of adults with newly-diagnosed low-risk acute promyelocytic leukemia (APL) whose APL is characterized by the presence of the t(15;17) translocation or PML/RAR-alpha gene expression.
artemether + lumefantrine,Artemether/Lumefantrine,1.0,100.0,100.0,Fuzzy,,07/04/2009,,"Treatment of malaria in patients of 5 kg bodyweight or above with acute, uncomplicated malaria due to Plasmodium falciparum or mixed infections including P. falciparum"
artesunate,Artesunate,1.0,100.0,100.0,Fuzzy,,26/05/2020,,Artesunate for Injection is indicated for the initial treatment of severe malaria in adult and pediatric patients. Treatment of severe malaria with Artesunate for Injection should always be followed by a complete treatment course of an appropriate oral antimalarial regimen.
azacitidine,Azacitidine,1.0,100.0,100.0,Fuzzy,,20/05/2022,,Treatment of pediatric patients aged one month and older with newly diagnosed juvenile myelomonocytic leukemia (JMML)
aztreonam,Aztreonam,1.0,100.0,100.0,Fuzzy,,22/02/2010,,To improve respiratory symptoms in cystic fibrosis (CF) patients with Pseudomonas aeruginosa
baclofen,Baclofen,1.0,100.0,100.0,Fuzzy,,25/06/1992,,Management of severe spasticity of spinal cord origin in patients who are unresponsive to oral baclofen therapy or experience intolerable CNS side effects at effective doses.
balsalazide disodium,Balsalazide Disodium,1.0,100.0,100.0,Fuzzy,,20/12/2006,,Treatment of mildly to moderately active ulcerative colitis in patients 5 years of age and older. Safety and Effectiveness of Colazal beyond 8 weeks in children (ages 5-17) and 12 weeks in adults have not been established.
basiliximab,Basiliximab,1.0,100.0,100.0,Fuzzy,,12/05/1998,,Prophylaxis of acute organ rejection in patients receiving renal transplantation when used as part of an immunosuppressive regimen that includes cyclosporine and corticosteroids.
bedaquiline,Bedaquiline,1.0,100.0,100.0,Fuzzy,,27/05/2020,,SIRTURO is a diarylquinoline antimycobacterial drug indicated as part of combination therapy in adult and pediatric patients (5 years and older and weighing at least 15 kg) with pulmonary multi-drug resistant tuberculosis (MDR-TB). Reserve SIRTURO for use when an effective treatment regimen cannot otherwise be provided.
bendamustine hydrochloride,Bendamustine Hydrochloride,1.0,100.0,100.0,Fuzzy,,31/10/2008,,Treatment of Indolent B-cell non-Hodgkin lymphoma (NHL) that has progressed during or within six months of treatment with rituximab or a rituximab-containing regimen.
bortezomib,Bortezomib,1.0,100.0,100.0,Fuzzy,,08/12/2006,,Treatment of patients with mantle cell lymphoma who have received at least 1 prior therapy.
bosentan,Bosentan,1.0,100.0,100.0,Fuzzy,,05/09/2017,,"Treatment of pulmonary arterial hypertension (PAH) (WHO Group 1) in pediatric patients aged 3 years and older with idiopathic or congenital PAH to improve pulmonary vascular resistance (PVR), which is expected to result in an improvement in exercise ability"
botulinum toxin type a,Botulinum Toxin Type A,1.0,100.0,100.0,Fuzzy,,29/12/1989,,Treatment of strabismus associated with dystonia in adults (patients 12 years of age and above)
budesonide,Budesonide,1.0,100.0,100.0,Fuzzy,,15/12/2021,,"to reduce proteinuria in adults with primary immunoglobulin A nephropathy (IgAN) at risk of rapid disease progression, generally a urine protein-to-creatinine ratio (UPCR) > or = 1.5 g/g"
carfilzomib,Carfilzomib,1.0,100.0,100.0,Fuzzy,,20/07/2012,,Treatment of patients with multiple myeloma who have received at least two prior therapies including bortezomib and an immunomodulatory agent and have demonstrated disease progression on or within 60 days of completion of the last therapy.
ceritinib,Ceritinib,1.0,100.0,100.0,Fuzzy,,26/05/2017,,Treatment of patients with metastatic non-small cell lung cancer (NSCLC) whose tumors are anaplastic lymphoma kinase (ALK)-positive as detected by an FDA-approved test
cladribine,Cladribine,1.0,100.0,100.0,Fuzzy,,26/02/1993,,
clobazam,Clobazam,1.0,100.0,100.0,Fuzzy,,21/10/2011,,Adjunctive treatment of seizures associated with Lennox-Gastaut Syndrome inpatients 2 years of age or older
clonidine,Clonidine,1.0,100.0,100.0,Fuzzy,,02/10/1996,,In combination with opiates for the treatment of severe pain in cancer patients that is not adequately relieved by opioid analgesics alone.
crizotinib,Crizotinib,1.0,100.0,100.0,Fuzzy,,11/03/2016,,Treatment of patients with metastatic NSCLC whose tumors are ROS1-positive
dabrafenib,Dabrafenib,1.0,100.0,100.0,Fuzzy,,16/03/2023,,"in combination with trametinib, for the treatment of pediatric patients 1 year of age and older with low-grade glioma (LGG) with a BRAF V600E mutation who require systemic therapy"
daclizumab,Daclizumab,1.0,100.0,100.0,Fuzzy,,10/12/1997,,"Prophylaxis of acute organ rejection in patients receiving renal transplants, to be used as a part of an immunosuppressive regimen that includes cyclosporine and corticosteroids."
dasatinib,Dasatinib,1.0,100.0,100.0,Fuzzy,,09/11/2017,,Treatment of pediatric patients with Philadelphia chromosome-positive (Ph+) chronic myeloid leukemia (CML) in chronic phase
decitabine,Decitabine,1.0,100.0,100.0,Fuzzy,,02/05/2006,,"for treatment of patients with myelodysplastic syndromes (MDS) including previously treated and untreated, de novo and secondary MDS of all French-American-British subtypes (refractory anemia, refractory anemia with ringed sideroblasts, refractory anemia with excess blasts, refractory anemia with excess blasts in transformation, and chronic myelomonocytic leukemia) and intermediate-1, intermediate-2, and high-risk International Prognostic Scoring System groups"
deferasirox,Deferasirox,1.0,100.0,100.0,Fuzzy,,18/05/2017,,Treatment of chronic iron overload in patients 10 years of age and older with non-transfusion-dependent thalassemia (NTDT) syndromes and with a liver iron concentration (LIC) of at least 5 milligrams of iron per gram of liver dry weight (mg Fe/g dw) and a serum ferritin greater than 300 mcg/L.
deferiprone,Deferiprone,1.0,100.0,100.0,Fuzzy,,14/10/2011,,Treatment of patients with transfusional iron overload due to thalassemia syndromes when current chelation therapy is inadequate
deflazacort,Deflazacort,1.0,100.0,100.0,Fuzzy,,07/06/2019,,EMFLAZA is indicated for the treatment of Duchenne muscular dystrophy (DMD) in patients 2 years of age and older.
desmopressin acetate,Desmopressin Acetate,1.0,100.0,100.0,Fuzzy,,07/03/1994,,Treatment of patients with hemophilia A or von Willebrand's disease (type I) whose factor VIII coagulant activity level is greater than 5%.
dexamethasone,Dexamethasone,1.0,100.0,100.0,Fuzzy,,03/10/2019,,HEMADY is indicated in combination with other anti-myeloma products for the treatment of adults with multiple myeloma
dexrazoxane,Dexrazoxane,1.0,100.0,100.0,Fuzzy,,06/09/2007,,Treatment of extravasation resulting from IV anthracycline chemotherapy
diazepam,Diazepam (,1.0,100.0,100.0,Fuzzy,,10/01/2020,,"Acute treatment of intermittent, stereotypic episodes of frequent seizure activity (i.e., seizure clusters, acute repetitive seizures) that are distinct from a patients usual seizure pattern in patients with epilepsy 6 years of age and older."
dichlorphenamide,Dichlorphenamide,1.0,100.0,100.0,Fuzzy,,07/08/2015,,"Treatment of primary hyperkalemic periodic paralysis, primary hypokalemic period paralysis, and related variants"
difluprednate,Difluprednate,1.0,100.0,100.0,Fuzzy,,13/06/2012,,Treatment of endogenous anterior uveitis
edaravone,Edaravone,1.0,100.0,100.0,Fuzzy,,05/05/2017,,Treatment of amyotrophic lateral sclerosis (ALS)
eliglustat,Eliglustat,1.0,100.0,100.0,Fuzzy,,19/08/2014,,"Long-term treatment of adult patients with Gaucher disease type 1 who are CYP2D6 extensive metabolizers (EMs), intermediate metabolizers (IMs), or poor metabolizers (PMs) as detected by an FDA-cleared test."
eltrombopag,Eltrombopag,1.0,100.0,100.0,Fuzzy,,16/11/2018,,PROMACTA is indicated in combination with standard immunosuppressive therapy for the first-line treatment of adult and pediatric patients 2 years and older with severe aplastic anemia.
epirubicin,Epirubicin,1.0,100.0,100.0,Fuzzy,,15/09/1999,,Component of adjuvant therapy in patients with evidence of axillary node tumor involvement following resection of primary breast cancer.
eribulin mesylate,Eribulin Mesylate,1.0,100.0,100.0,Fuzzy,,28/01/2016,,Treatment of patients with unresectable or metastatic liposarcoma who have received a prior anthracyclne-containing regimen
etanercept,Etanercept,1.0,100.0,100.0,Fuzzy,,27/05/1999,,Reducing signs and symptoms of moderately to severely active polyarticular juvenile idiopathic arthritis (JIA) in patients ages 2 and older
etidronate disodium,Etidronate Disodium,1.0,100.0,100.0,Fuzzy,,21/04/1987,,
everolimus,Everolimus,1.0,100.0,100.0,Fuzzy,,26/02/2016,,"Treatment of adult patients with progressive neuroendocrine tumors of pancreatic origin (PNET) in patients with unresectable, locally advanced or metastatic disease; and treatment of adult patients with progressive, well-differentiated, non-functional, neuroendocrine tumors (NET) of gastrointestinal (GI) or lung origin, with unresectable, locally advanced or metastatic disease."
exemestane,Exemestane,1.0,100.0,100.0,Fuzzy,,21/10/1999,,Treatment of advanced breast cancer in postmenopausal women whose disease has progressed following tamoxifen therapy.
filgrastim,Filgrastim,1.0,100.0,100.0,Fuzzy,,15/06/1994,,Reduce the duration of neutropenia and neutropenia sequelae in patients with non-myeloid malignancies undergoing ablative chemotherapy followed by BMT.
fludarabine phosphate,Fludarabine Phosphate,1.0,100.0,100.0,Fuzzy,,18/04/1991,,
fomepizole,Fomepizole,1.0,100.0,100.0,Fuzzy,,08/12/2000,,"Use for suspected or confirmed methanol poisoning, either alone or in combination with hemodialysis"
gabapentin,Gabapentin,1.0,100.0,100.0,Fuzzy,,28/01/2011,,For the management of postherpetic neuralgia
ganciclovir sodium,Ganciclovir Sodium,1.0,100.0,100.0,Fuzzy,,23/06/1989,,
gefitinib,Gefitinib,1.0,100.0,100.0,Fuzzy,,13/07/2015,,For the first-line treatment of patients with metastatic non-small cell lung cancer (NSCLC) whose tumors have epidermal growth factor receptor (EGFR) exon 19 deletions or exon 21 (L858R) substitution mutations as detected by an FDA-approved test
gemtuzumab ozogamicin,Gemtuzumab Ozogamicin,1.0,100.0,100.0,Fuzzy,,17/05/2000,,Treatment of patients with CD33 positive acute myeloid leukemia in first relapse who are 60 years of age or older and who are not considered candidates for cytotoxic chemotherapy
glatiramer acetate,Glatiramer Acetate,1.0,100.0,100.0,Fuzzy,,20/12/1996,,For reduction of the frequency of relapses in patients with relapsing-remitting multiple sclerosis.
glycopyrrolate,Glycopyrrolate,1.0,100.0,100.0,Fuzzy,,28/07/2010,,To reduce chronic drooling in patients aged 3 - 16 with neurologic conditions associated with problem drooling (e.g. cerebral palsy)
hydrocortisone,Hydrocortisone,1.0,100.0,100.0,Fuzzy,,29/09/2020,,ALKINDI SPRINKLE is indicated as replacement therapy in pediatric patients with adrenocortical insufficiency
hydroxyurea,Hydroxyurea,1.0,100.0,100.0,Fuzzy,,25/02/1998,,To reduce the frequency of painful crises and to reduce the need for blood transfusions in adult patients with sickle cell anemia with recurrent moderate to severe painful crises (generally at least 3 during the preceding 12 months).
ibrutinib,Ibrutinib,1.0,100.0,100.0,Fuzzy,,02/08/2017,,Treatment of adult patients with chronic graft versus host disease (cGVHD) after failure of one or more lines of systemic therapy.
icodextrin,Icodextrin,1.0,100.0,100.0,Fuzzy,,20/12/2002,,For use as a single daily exchange for the long (8-16 hour) dwell during continuous ambulatory peritoneal dialysis (CAPD) or automated peritoneal dialysis (APD) for the management of chronic renal failure.
ifosfamide,Ifosfamide,1.0,100.0,100.0,Fuzzy,,30/12/1988,,"In combination with certain other approved antineoplastic agents, for third line chemotherapy in the treatment of germ cell testicular cancer."
imatinib mesylate,Imatinib Mesylate,1.0,100.0,100.0,Fuzzy,,19/12/2008,,Adjuvant treatment of adult patients following complete resection Kit (CD 117) positive gastrointestinal stromal tumors (GIST).
infliximab,Infliximab,1.0,100.0,100.0,Fuzzy,,19/05/2006,,For reducing signs and symptoms and inducing and maintaining clinical remission in pediatric patients with moderately to severely active Crohn's disease who have had an inadequate response to conventional therapy
ivabradine,Ivabradine,1.0,100.0,100.0,Fuzzy,,22/04/2019,,"Corlanor is indicated for the treatment of stable symptomatic heart failure due to dilated cardiomyopathy (DCM) in pediatric patients aged 6 months and older, who are in sinus rhythm with an elevated heart rate."
lamotrigine,Lamotrigine,1.0,100.0,100.0,Fuzzy,,24/08/1998,,Adjunctive treatment of Lennox-Gastaut syndrome in pediatric and adult patients.
ledipasvir + sofosbuvir,Ledipasvir/Sofosbuvir,1.0,100.0,100.0,Fuzzy,,28/08/2019,,"HARVONI is indicated for the treatment of adults and pediatric patients 3 years of age and older with chronic hepatitis C virus (HCV) genotype 1, 4, 5, or 6 infection without cirrhosis or with compensated cirrhosis, genotype 1 infection with decompensated cirrhosis, for use in combination with ribavirin, and genotype 1 or 4 infection who are liver transplant recipients without cirrhosis or with compensated cirrhosis, for use in combination with ribavirin"
lenalidomide,Lenalidomide,1.0,100.0,100.0,Fuzzy,,29/06/2006,,For use in combination with dexamethasone for the treatment of multiple myeloma patients who have received at least one prior therapy
lenvatinib,Lenvatinib,1.0,100.0,100.0,Fuzzy,,15/08/2018,,LENVIMA is indicated for the first-line treatment of patients with unresectable hepatocellular carcinoma (HCC)
leuprolide acetate,Leuprolide Acetate,1.0,100.0,100.0,Fuzzy,,16/04/1993,,Treatment of children with central precocious puberty
mebendazole,Mebendazole,1.0,100.0,100.0,Fuzzy,,19/10/2016,,treatment of patients one year of age and older withgastrointestinal infections caused by Ascaris lumbricoides (roundworm) and Trichuris trichiura (whipworm)
megestrol acetate,Megestrol Acetate,1.0,100.0,100.0,Fuzzy,,10/09/1993,,"Treatment of anorexia, cachexia, or an unexplained significant weight loss in patients with a diagnosis of acquired immune deficiency syndrome."
meloxicam,Meloxicam,1.0,100.0,100.0,Fuzzy,,11/08/2005,,For relief of the signs and symptoms of pauciarticular or polyarticular course Juvenile Rheumatoid Arthritis in patients 2 years of age or older
melphalan,Melphalan,1.0,100.0,100.0,Fuzzy,,18/11/1992,,For the palliative treatment of patients with multiple myeloma for whom oral melphalan is not appropriate.
mesna,Mesna,1.0,100.0,100.0,Fuzzy,,30/12/1988,,
methotrexate,Methotrexate,1.0,100.0,100.0,Fuzzy,,25/04/2017,,"Management of pediatric patients with active polyarticular juvenile idiopathic arthritis (pJIA) who have had an insufficient therapeutic response to, or are intolerant of, an adequate trial of first-line therapy including full dose non-steroidal anti-inflammatory agents (NSAIDs)."
midazolam,Midazolam,1.0,100.0,100.0,Fuzzy,,17/05/2019,,"NAYZILAM is indicated for the acute treatment of intermittent, stereotypic episodes of frequent seizure activity (i.e., seizure clusters, acute repetitive seizures) that are distinct from a patients usual seizure pattern in patients with epilepsy 12 years of age and older."
mifepristone,Mifepristone,1.0,100.0,100.0,Fuzzy,,17/02/2012,,for the control of hyperglycemia secondary to hypercortisolism in adult patients with endogenous Cushing's syndrome who have type 2 diabetes mellitus or glucose intolerance and have failed surgery or are not candidates for surgery.
miltefosine,Miltefosine,1.0,100.0,100.0,Fuzzy,,19/03/2014,,"Treatment of visceral leishmaniasis due to Leishmania donovani; cutaneous leishmaniasis due to Leishmania braziliensis, Leishmania guyanensis, and Leishmania panamensis; and mucosal leishmaniasis due to Leishmania braziliensis."
mitomycin-c,Mitomycin-C,1.0,100.0,100.0,Fuzzy,,07/02/2012,,An adjunct to ab externo glaucoma surgery.
mitoxantrone,Mitoxantrone,1.0,100.0,100.0,Fuzzy,,13/10/2000,,"Reducing neurologic disability and/or the frequency of clinical relapses in patients with secondary (chronic) progressive, progressive relapsing, or worsening relapsing-remitting multiple sclerosis (i.e., patients whose neurologic status is significantly adnormal between relapses)."
modafinil,Modafinil,1.0,100.0,100.0,Fuzzy,,24/12/1998,,Improve wakefulness in patients with excessive daytime sleepiness associated with narcolepsy.
moxidectin,Moxidectin,1.0,100.0,100.0,Fuzzy,,07/02/2025,,treatment of onchocerciasis due to Onchocerca volvulus in adult and pediatric patients aged 4 years and older and weighing at least 13 kg
nafarelin acetate,Nafarelin Acetate,1.0,100.0,100.0,Fuzzy,,26/02/1992,,Treatment of central precocious puberty (gonadotropin-dependent precocious puberty) in children of both sexes.
nilotinib,Nilotinib,1.0,100.0,100.0,Fuzzy,,22/03/2018,,TASIGNA (nilotinib) is indicated for the treatment of pediatric patients greater than or equal to 1 year of age with newly diagnosed Philadelphia chromosome positive chronic myeloid leukemia (Ph+ CML) in chronic phase and pediatric patients greater than or equal to 1 year of age with chronic phase Philadelphia chromosome positive chronic myeloid leukemia (Ph+ CML) with resistance or intolerance to prior tyrosine-kinase inhibitor (TKI) therapy.
nimodipine,Nimodipine,1.0,100.0,100.0,Fuzzy,,10/05/2013,,"Improvement of neurological outcome by reducing the incidence and severity of ischemic deficits in adult patients with subarachnoid hemorrhage (SAH) from ruptured intracranial berry aneurysms regardless of their post-ictus neurological condition (i.e., Hunt and Hess Grades I-V)."
nintedanib,Nintedanib,1.0,100.0,100.0,Fuzzy,,06/09/2019,,OFEV is indicated to slow the rate of decline in pulmonary function in patients with systemic sclerosis associated interstitial lung disease (SSc-ILD).
nitazoxanide,Nitazoxanide,1.0,100.0,100.0,Fuzzy,,22/11/2002,,Treatment of diarrhea caused by Cryptosporidium parvum and Giardia lamblia
octreotide,Octreotide,1.0,100.0,100.0,Fuzzy,,25/11/1998,,Supression of severe diarrhea and flushing associated with malignant carcinoid syndrome.
ofloxacin,Ofloxacin,1.0,100.0,100.0,Fuzzy,,22/05/1996,,Treatment of bacterial corneal ulcers.
paclitaxel,Paclitaxel,1.0,100.0,100.0,Fuzzy,,04/08/1997,,For the second line treatment of AIDS-related Kaposi's sarcoma.
panobinostat,Panobinostat,1.0,100.0,100.0,Fuzzy,,23/02/2015,,"FARYDAK (panobinostat) in combination with bortezomib (BTZ) and dexamethasone (DEX) for the treatment of patients with multiple myeloma who have received at least 2 prior regimens, including bortezomib and an immunomodulatory agent"
pasireotide,Pasireotide,1.0,100.0,100.0,Fuzzy,,14/12/2012,,Treatment of adult patients with Cushing's disease for whom pituitary surgery is not an option or has not been curative
pazopanib,Pazopanib,1.0,100.0,100.0,Fuzzy,,26/04/2012,,Advanced soft tissue sarcoma (STS) who have received prior chemotherapy
pegaspargase,Pegaspargase,1.0,100.0,100.0,Fuzzy,,01/02/1994,,Combination chemotherapy for the treatment of patients with acute lymphoblastic leukemia who are hypersensitive to native forms of L-asparaginase.
pemetrexed disodium,Pemetrexed Disodium,1.0,100.0,100.0,Fuzzy,,04/02/2004,,Treatment of patients with malignant pleural mesothelioma whose disease is either unresectable or who are otherwise not candidates for curative surgery
pentosan polysulfate sodium,Pentosan Polysulfate Sodium,1.0,100.0,100.0,Fuzzy,,26/09/1996,,Relief of bladder pain or discomfort associated with interstitial cystitis.
pilocarpine,Pilocarpine,1.0,100.0,100.0,Fuzzy,,22/03/1994,,Treatment of symptoms of xerostomia from salivary gland hypofunction caused by radiotherapy for cancer of the head and neck.
pirfenidone,Pirfenidone,1.0,100.0,100.0,Fuzzy,,15/10/2014,,Treatment of idiopathic pulmonary fibrosis
plerixafor,Plerixafor,1.0,100.0,100.0,Fuzzy,,15/12/2008,,To enhance mobilization of hematopoietic stem cells to the peripheral blood for collection and subsequent autologous transplantation in patients with lymphoma and multiple myeloma
posaconazole,Posaconazole,1.0,100.0,100.0,Fuzzy,,17/06/2021,,Treatment of invasive aspergillosis in adults and pediatric patients 13 years of age and older
propranolol,Propranolol,1.0,100.0,100.0,Fuzzy,,14/03/2014,,Treatment of proliferating infantile hemangioma requiring systemic therapy.
regorafenib,Regorafenib,1.0,100.0,100.0,Fuzzy,,25/02/2013,,"Treatment of patients with locally advanced, unresectable or metastatic gastrointestinal stromal tumor (GIST) who have been previously treated with imatinib mesylate and sunitinib malate."
ribavirin,Ribavirin,1.0,100.0,100.0,Fuzzy,,29/07/2003,,Treatment of chronic hepatitis C among previously untreated pediatric patients at least three years of age or older.
rifabutin,Rifabutin,1.0,100.0,100.0,Fuzzy,,23/12/1992,,Prevention of disseminated Mycobacterium avium complex disease in patients with advanced HIV infections.
rifaximin,Rifaximin,1.0,100.0,100.0,Fuzzy,,24/03/2010,,Reduction in the risk of overt hepatic encephalopathy (HE) recurrence in patients greater than or equal to 18 years of age
riluzole,Riluzole,1.0,100.0,100.0,Fuzzy,,12/12/1995,,Treatment of patients with amyotrophic lateral sclerosis. Riluzole extends survival and/or time to tracheostomy.
ruxolitinib,Ruxolitinib,1.0,100.0,100.0,Fuzzy,,22/09/2021,,Treatment of chronic graft-versus-host disease (cGVHD) after failure of one or two lines of systemic therapy in adult and pediatric patients 12 years and older
sirolimus,Sirolimus,1.0,100.0,100.0,Fuzzy,,28/05/2015,,Treatment of lymphangioleiomyomatosis (LAM)
sofosbuvir,Sofosbuvir,1.0,100.0,100.0,Fuzzy,,07/04/2017,,Treatment of chronic HCV genotype 2 or 3 infection in pediatric patients 12 years of age and older or weighing at least 35 kg without cirrhosis or with compensated cirrhosis for use in combination with ribavirin
somatropin,Somatropin,1.0,100.0,100.0,Fuzzy,,30/12/1996,,Treatment of short stature associated with Turner syndrome in patients whose epiphyses are not closed.
sorafenib,Sorafenib,1.0,100.0,100.0,Fuzzy,,16/11/2007,,Treatment of unresectable hepatocellular carcinoma
sotalol,Sotalol (,1.0,100.0,100.0,Fuzzy,,02/07/2009,,"For use as a substitute for oral sotalol in patients who are unable to take sotalol orally [oral sotalol is indicated for maintenance of normal sinus rhythm in patients with history of highly symptomatic atrial fibrillation /flutter, and for treatment of documented life-threatening ventricular arrhythmias]"
tacrolimus,Tacrolimus,1.0,100.0,100.0,Fuzzy,,29/03/2006,,Prophylaxis of organ rejection in patients receiving allogenic heart transplants.
tadalafil,Tadalafil,1.0,100.0,100.0,Fuzzy,,22/05/2009,,Treatment of pulmonary arterial hypertension (WHO Group I) to improve exercise ability
temozolomide,Temozolomide,1.0,100.0,100.0,Fuzzy,,15/03/2005,,Treatment of adult patients with newly diagnosed glioblastoma multiforme concomitatly with radiotherapy and then as maintenance treatment
temsirolimus,Temsirolimus,1.0,100.0,100.0,Fuzzy,,30/05/2007,,Treatment of advanced renal cell carcinoma
teriparatide,Teriparatide,1.0,100.0,100.0,Fuzzy,,23/12/1987,,
tetrabenazine,Tetrabenazine,1.0,100.0,100.0,Fuzzy,,15/08/2008,,Treatment of chorea associated with Huntington's disease
tinidazole,Tinidazole,1.0,100.0,100.0,Fuzzy,,17/05/2004,,Treatment of giardiasis caused by G. duodenalis (also termed G. lamblia) in both adults and pediatric patients older than three years of age
tolvaptan,Tolvaptan,1.0,100.0,100.0,Fuzzy,,23/04/2018,,JYNARQUE is indicated to slow kidney function decline in adults at risk of rapidly progressing autosomal dominant polycystic kidney disease (ADPKD)
topiramate,Topiramate,1.0,100.0,100.0,Fuzzy,,28/08/2001,,As adjunctive therapy in patients two years and older with siezures associated with Lennox-Gastaut syndrome.
trabectedin,Trabectedin,1.0,100.0,100.0,Fuzzy,,23/10/2015,,For the treatment of patients with unresectable or metastatic liposarcoma or leiomyosarcoma who received a prior anthracycline-containing regimen
trametinib,Trametinib,1.0,100.0,100.0,Fuzzy,,29/05/2013,,Treatment of patients with unresectable or metastatic melanoma with BRAF V600E or V600K mutations as detected by an FDA approved test.
tranexamic acid,Tranexamic Acid,1.0,100.0,100.0,Fuzzy,,30/12/1986,,Treatment of patients with hemophilia for short term use (2 to 8 days) before and after tooth extraction to reduce or prevent hemorrhage abd reduce the need for replacement therapy
trastuzumab,Trastuzumab,1.0,100.0,100.0,Fuzzy,,20/10/2010,,"Treatment of patients with HER2 overexpressing metastatic gastric or gastroesophageal junction adenocarcinoma, who have not received prior treatment for metastatic disease"
tretinoin,Tretinoin,1.0,100.0,100.0,Fuzzy,,22/11/1995,,Induction of remission in patients with acute promyelocytic leukemia who are refractory to or unable to tolerate anthracycline based cytotoxic chemotherapeutic regimens.
vemurafenib,Vemurafenib,1.0,100.0,100.0,Fuzzy,,17/08/2011,,Treatment of unresectable or metastatic melanoma with the BRAFV600E mutation as detected by an FDA-approved test.
zalcitabine,Zalcitabine,1.0,100.0,100.0,Fuzzy,,19/06/1992,,Combination therapy with zidovudine is indicated for the treatment of adult patients with advanced HIV infection (CD4 count < 300) who have demonstrated malignant clinical or immunologic deterioration.
zidovudine,Zidovudine,1.0,100.0,100.0,Fuzzy,,19/03/1987,,Management of certain adult patients with symptomatic HIV infection (AIDS and advanced ARC) who have a history of cytologically confirmed Pneumocytis carinii pneumonia (PCP) or an absolute CD4 (T4 helper/induccer) lymphocyte count of less than 200/mm in the peripheral blood before therapy is begun
interferon alfa-2b,Interferon Alfa-2A,0.9777777777777777,94.44444444444444,94.44444444444444,Fuzzy,,19/10/1995,,Treatment of chronic myelogenous leukemia.
amiodarone,Amiodarone Hcl,0.9428571428571428,100.0,83.33333333333334,Fuzzy,,03/08/1995,,For initiation of treatment and prophylaxis of frequently recurring ventricular fibrillation and hemodynamically unstable ventricular tachycardia in patients refractory to other therapy.
amphotericin b lipid,Amphotericin B Lipid Complex,0.9428571428571428,100.0,83.33333333333334,Fuzzy,,18/10/1996,,Treatment of invasive fungal infections in patients who are refractory to or intolerant of conventional amphotericin B therapy.
triclabendazole bolus,Triclabendazole,0.9428571428571428,100.0,83.33333333333334,Fuzzy,,13/02/2019,,EGATEN is indicated for the treatment of fascioliasis in patients 6 years of age and older.
thalidomide caps,Thalidomide,0.9375,100.0,81.4814814814815,Fuzzy,,25/05/2006,,Treatment of patients with newly diagnosed multiple myeloma
bleomycin-s,Bleomycin Sulfate,0.9294117647058824,90.0,78.57142857142857,Fuzzy,,20/02/1996,,Treatment of malignant pleural effusion.
fosphenytoin sodium,Fosphenytoin,0.9263157894736842,100.0,77.41935483870968,Fuzzy,,05/08/1996,,For the control of generalized convulsive status epilepticus.
metronidazole,Metronidazole (Topical),0.9238095238095239,100.0,76.47058823529412,Fuzzy,,22/11/1988,,
eflornithine hydrochloride,Eflornithine Hcl,0.9230769230769231,85.71428571428571,76.19047619047619,Fuzzy,,28/11/1990,,
fenfluramine hydrochloride,Fenfluramine Hci,0.9230769230769231,85.71428571428571,76.19047619047619,Fuzzy,,25/06/2020,,Fintepla (fenfluramine) is indicated for the treatment of seizures associated with Dravet syndrome in patients 2 years of age and older.
allopurinol,Allopurinol Sodium,0.9222222222222222,100.0,75.86206896551724,Fuzzy,,17/05/1996,,"Management of patients with leukemia, lymphoma, and solid tumor malignancies who are receiving cancer therapy which causes elevations of serum and urinary uric acid levels and who cannot tolerate oral therapy."
lidocaine,Lidocaine Patch,0.92,100.0,75.0,Fuzzy,,19/03/1999,,
pilocarpine hydrochloride,Pilocarpine Hcl,0.92,84.61538461538461,75.0,Fuzzy,,11/02/1998,,Treatment of dry mouth in patients with Sjogren's syndrome.
rosuvastatin calcium,Rosuvastatin,0.92,100.0,75.0,Fuzzy,,27/05/2016,,"An adjunct to diet to reduce LDL-C, Total-C, nonHDL-C and ApoB in children and adolescents 7 to 17 years of age with homozygous familial hypercholesterolemia, either alone or with other lipid-lowering treatments (e.g., LDL apheresis)."
terlipressin acetate,Terlipressin,0.92,100.0,75.0,Fuzzy,,14/09/2022,,To improve kidney function in adults with hepatorenal syndrome with rapid reduction in kidney function
levodopa + carbidopa,Levodopa And Carbidopa,0.9191919191919192,100.0,90.0,Fuzzy,,09/01/2015,,Treatment of motor flucuations in patients with advanced Parkinson's disease
mefloquine hydrochloride,Mefloquine Hcl,0.9166666666666667,83.33333333333333,73.6842105263158,Fuzzy,,03/05/1989,,Prophylaxis of Plasmodium falciparum malaria which is resistant to other available drugs
naltrexone hydrochloride,Naltrexone Hcl,0.9166666666666667,83.33333333333333,73.6842105263158,Fuzzy,,30/11/1984,,
selegiline hydrochloride,Selegiline Hcl,0.9166666666666667,83.33333333333333,73.6842105263158,Fuzzy,,05/06/1989,,
gonadorelin,Gonadorelin Acetate,0.9157894736842105,100.0,73.33333333333334,Fuzzy,,10/10/1989,,
triptorelin,Triptorelin Pamoate,0.9157894736842105,100.0,73.33333333333334,Fuzzy,,29/06/2017,,Treatment of pediatric patients 2 years of age and older with central precocious puberty
midodrine hydrochloride,Midodrine Hcl,0.9130434782608695,81.81818181818181,72.22222222222221,Fuzzy,,06/09/1996,,Treatment of symptomatic orthostatic hypotension.
recombinant human erythropoeitin,Recombinant Human Antithrombin,0.9127564102564102,77.41935483870968,77.41935483870968,Fuzzy,,06/02/2009,,"Prevention of peri-operative and peri-partum thromboembolic events, in hereditary antithrombin deficient patients."
ibuprofen,Ibuprofen Lysine,0.9125,100.0,72.0,Fuzzy,,13/04/2006,,"For closure of a clinically significant patent ductus arteriosus in premature infants weighing between 500 and 1500 g, who are no more than 32 weeks gestational age when usual medical management (e.g., fluid restriction, diuretics, respiratory support, etc.) is ineffective"
sildenafil citrate,Sildenafil,0.9111111111111111,100.0,71.42857142857143,Fuzzy,,31/01/2023,,"treatment of pulmonary arterial hypertension (PAH) (WHO Group I) in pediatric patients 1 to 17 years old to improve exercise ability and, in pediatric patients too young to perform standardized exercise testing, pulmonary hemodynamics thought to underly improvements in exercise"
doxorubicin,Doxorubicin Liposome,0.91,100.0,70.96774193548387,Fuzzy,,28/06/1999,,"Treatment of metastatic carcinoma of the ovary in patients with disease that is refractory to both paclitaxel- and platinium-based chemotherapy regimens. Refractory disease is defined as disease that has progressed while on treatment, or within 6 months of completing treatment."
calcium citrate malate,Calcium Acetate,0.9096969696969697,70.27027027027027,70.27027027027026,Fuzzy,,10/12/1990,,
fluocinolone acetonide,Fluocinolone,0.9090909090909091,100.0,70.58823529411764,Fuzzy,,08/04/2005,,Treatment of chronic non-infectious uveitis affecting the posterior segment of the eye
trifluridine,Trifluridine/Tipiracil,0.9090909090909091,100.0,70.58823529411764,Fuzzy,,22/02/2019,,"LONSURF is indicated for the treatment of adult patients with metastatic gastric or gastroesophageal junction adenocarcinoma previously treated with at least two prior lines of chemotherapy that included a fluoropyrimidine, a platinum, either a taxane or irinotecan, and if appropriate, HER2/neu-targeted therapy."
sodium picosulphate,Sodium Thiosulfate,0.9086988304093567,81.08108108108108,81.08108108108108,Fuzzy,,20/09/2022,,"To reduce the risk of ototoxicity associated with cisplatin in pediatric patients 1 month of age and older with localized, non-metastatic solid tumors"
diazoxide,Diazoxide Choline,0.9058823529411765,100.0,69.23076923076923,Fuzzy,,26/03/2025,,treatment of hyperphagia in adults and pediatric patients 4 years of age and older with Prader-Willi syndrome (PWS)
buserelin acetate,Sermorelin Acetate,0.9052287581699346,85.71428571428571,85.71428571428572,Fuzzy,,26/09/1997,,
alendronate sodium,Dantrolene Sodium,0.903050108932462,74.28571428571428,74.28571428571429,Fuzzy,,22/07/2014,,Treatment of malignant hyperthermia in conjunction with appropriate supportive measures and for the prevention of malignant hyperthermia in patients at high risk.
phenytoin sodium,Phenobarbital Sodium,0.9007142857142857,72.22222222222223,72.22222222222221,Fuzzy,,17/11/2022,,treatment of neonatal seizures in term and preterm infants
nitrous oxide,Nitric Oxide,0.9005128205128206,80.0,80.0,Fuzzy,,23/12/1999,,"In conjunction with ventilatory support and other appropriate agents, in the treatment of term and near-term (>34 weeks) neonates with hypoxic respiratory failure associated with clinical or echocardiographic evidence of pulmonary hypertension, where it improves oxygenation and reduces the need for extracorporeal membrane oxygenation."
caffeine citrate,Caffeine,0.9,100.0,66.66666666666667,Fuzzy,,21/09/1999,,Short term treatment of apnea of prematurity in infants between 28 and less than 33 weeks gestational age.
cytarabine,Cytarabine Liposomal,0.9,100.0,66.66666666666667,Fuzzy,,01/04/1999,,Intrathecal treatment of lymphomatous meningitis.
zinc glucoheptonate,Zinc Acetate,0.8991228070175439,70.96774193548387,70.96774193548387,Fuzzy,,28/01/1997,,For maintenance treatment of patients with Wilson's disease who have been initially treated with a chelating agent.
sodium cromoglycate,Sodium Oxybate,0.8977443609022556,72.72727272727272,72.72727272727273,Fuzzy,,01/05/2023,,Treatment of cataplexy or excessive daytime sleepiness (EDS) in adults with narcolepsy
doxorubicin hydrochloride liposomal,Doxorubicin Hcl Liposome,0.8954761904761905,77.96610169491525,77.96610169491525,Fuzzy,,17/05/2007,,For use in combination with bortezomib for the treatment of patients with multiple myeloma who have not previously received bortezomib and have at least one prior therapy.
colfosceril palmitate,"Colfosceril Palmitate, Cetyl Alcohol, Tyloxapol",0.8933333333333334,100.0,63.63636363636363,Fuzzy,,02/08/1990,,"Prevention of hyaline membrane disease (HMD), also known as respiratory distress syndrome (RDS), in infants born at 32 weeks gestation or less and in the treatment of established HMO at all gestational ages"
Synthetic ACTH,Synthetic Human Secretin,0.8880952380952382,78.26086956521739,68.42105263157895,Fuzzy,,09/04/2004,,"Stimulation of pancreatic secretions, including bicarbonate, to aid in the diagnosis of pancreatic exocrine dysfunction, stimulation of gastrin secretion to aid in the diagnosis of gastrinoma, and stimulation of pancreatic secretions to facilitate the identification of the ampulla of Vater and accessory papilla during endoscopic retrograde cholangiopancreatography"
methohexital sodium,Methotrexate Sodium,0.8868421052631579,78.94736842105263,78.94736842105263,Fuzzy,,07/04/1988,,For the use of high dose methotrexate with leucovorin rescue in patients with non-metastatic osteosarcoma who have undergone surgical resection or amputation for the primary tumor.
gemcitabine hydrochloride,Cysteamine Hydrochloride,0.8867676767676768,81.63265306122449,81.63265306122449,Fuzzy,,02/10/2012,,Treatment of corneal cystine crystal accumulation in patients with cystinosis
calfactant intratracheal,Calfactant,0.8833333333333334,100.0,58.82352941176471,Fuzzy,,01/07/1998,,Treatment and prevention of respiratory failure due to pulmonary surfactant deficiency in preterm infants.
raloxifene hydrochloride,Raloxifene,0.8833333333333334,100.0,58.82352941176471,Fuzzy,,13/09/2007,,Reduction in risk of invasive breast cancer in postmenopausal women with osteoporosis and reduction in risk of invasive breast cancer in postmenopausal women at high risk for invasive breast cancer
daunorubicin,Daunorubicin Citrate Liposome,0.8827586206896552,100.0,58.53658536585367,Fuzzy,,08/04/1996,,"First line cytotoxic therapy for advanced, HIV related Kaposi's sarcoma."
sodium hyaluronate,Sodium Phenylbutyrate,0.8801587301587301,76.92307692307692,76.92307692307692,Fuzzy,,17/06/2022,,"As adjunctive therapy to standard of care, which includes dietary management, for the chronic management of adult and pediatric patients with urea cycle disorders (UCDs), involving deficiencies of carbamylphosphate synthetase (CPS), ornithine transcarbamylase (OTC) or argininosuccinic acid synthetase (AS)"
tobramycin,Tobramycin For Inhalation,0.88,100.0,57.14285714285714,Fuzzy,,22/12/1997,,Management of cystic fibrosis patients with P.aeruginosa.
beractant intratracheal,Beractant,0.8782608695652174,100.0,56.25,Fuzzy,,02/07/1991,,Prevention of RDS (hyaline membrane disease) in premature infants less than 1250 grams birthweight or with evidence of surfactant deficiency
buprenorphine + naloxone,Buprenorphine In Combination With Naloxone,0.8774891774891775,100.0,68.75,Fuzzy,,08/10/2002,,Treatment of opioid dependence in patients 16 years of age or older
besifloxacin ophthalmic,Riboflavin Ophthalmic,0.8751952344629691,77.27272727272728,77.27272727272727,Fuzzy,,15/04/2016,,Indicated for use in corneal collagen crosslinking in combination with the KXL System for the treatment of progressive keratoconus
peg-interferon alfa-2a,Peginterferon Alfa-2B,0.8743434343434343,79.06976744186046,93.02325581395348,Fuzzy,,29/03/2011,,Adjuvant treatment of melanoma with microscopic or gross nodal involvement within 84 days of definitive surgical resection including complete lymphadenectomy
calcium + magnesium,"Calcium, Magnesium, Potassium, And Sodium Oxybates",0.8723404255319149,100.0,53.125,Fuzzy,,12/08/2021,,Treatment of idiopathic hypersomnia (IH) in adults
rifampicin + isoniazid + piperine,"Rifampin, Isoniazid, Pyrazinamide",0.8697041156840934,80.0,80.0,Fuzzy,,31/05/1994,,Short-course treatment of tuberculosis.
ritonavir caps,Ritonavir Powder For,0.8671428571428571,78.26086956521739,64.70588235294117,Fuzzy,,07/06/2017,,Used in combination with other antiretroviral agents for the treatment of patients with HIV-1 infection
emtricitabine,Emtricitabine And Tenofovir Alafenamide,0.8666666666666666,100.0,50.0,Fuzzy,,28/09/2017,,"DESCOVY, indicated in combination with other antiretroviral agents, for the treatment of HIV-1 infection in adults and pediatric patients weighing at least 35 kg and also indicated, in combination with other antiretroviral agents other than protease inhibitors that require a CYP3A inhibitor, for the treatment of HIV-1 infection in pediatric patients weighing at least 25 kg and less than 35 kg."
hepatitis b,Hepatitis B Immune Globulin (Human),0.8666666666666666,100.0,50.0,Fuzzy,,06/04/2007,,Prevention of hepatitis B recurrence following liver transplantation in HBsAG-positive liver transplant patients
somatropin (r human growth hormone),Somatropin (R-Dna),0.8650757575757576,85.71428571428571,57.14285714285714,Fuzzy,,01/12/2003,,Treatment of short bowel syndrome in patients receiving specialized nutritional support
thymosin alfa-1,Thyrotropin Alfa,0.8648611111111111,70.96774193548387,70.96774193548387,Fuzzy,,14/12/2007,,For use as an adjunctive treatment for radioiodine ablation of thyroid tissue remnants in patients who have undergone thyroidectomy for well-differentiated thyroid cancer and who do not have evidence of metastatic thyroid cancer
norethindrone acetate,Lanreotide Acetate,0.8627645502645502,76.92307692307692,76.92307692307692,Fuzzy,,16/12/2014,,"Treatment of patients with unresectable,well- or moderately-differentiated locally advanced or metastatic gastroenteropancreatic neuroendocrine tumors to improve progression-free survival"
tenofovir disoproxil fumarate,Tenofovir,0.8620689655172413,100.0,47.36842105263158,Fuzzy,,24/03/2010,,Treatment of HIV infection in combination with other antiretroviral agents in patients 12 to less than 18 years of age
collagenase,Collagenase Clostridium Histolyticum,0.861111111111111,100.0,46.808510638297875,Fuzzy,,02/02/2010,,Treatment of adult patients with Dupuytren's contracture with a palpable cord
rituximab (finished formulation import),Rituximab,0.8486486486486486,100.0,39.13043478260869,Fuzzy,,27/09/2019,,"RITUXAN, in combination with glucocorticoids, is indicated for the treatment of adult and pediatric patients 2 years of age and older with Granulomatosis with Polyangiitis (GPA) (Wegener?s Granulomatosis) and Microscopic Polyangiitis (MPA)"
tiagabine hydrochloride,Migalastat Hydrochloride,0.8374968217645563,72.34042553191489,72.34042553191489,Fuzzy,,10/08/2018,,GALAFOLD is indicated for the treatment of adults with a confirmed diagnosis of Fabry disease and an amenable galactosidase alpha gene (GLA) variant based on in vitro assay data
flecainide acetate,Mafenide Acetate,0.8347222222222223,82.35294117647058,82.35294117647058,Fuzzy,,05/06/1998,,
lipid based amphotericin-b,Liposomal Amphotericin B,0.8255982905982906,73.6842105263158,76.0,Fuzzy,,11/08/1997,,Treatment of disseminated cryptococcosis including meningitis.
zoldronic acid,Cholic Acid,0.8203463203463204,72.0,72.0,Fuzzy,,17/03/2015,,Treatment of bile acid synthesis disorders due to single enzyme defects
levamisole hydrochloride,Levomethadyl Acetate Hydrochloride,0.8133541295306002,70.27027027027027,68.96551724137932,Fuzzy,,09/07/1993,,For the management of opiate dependence.
ethacrynic acid,Ascorbic Acid,0.8119658119658121,71.42857142857143,71.42857142857143,Fuzzy,,02/10/2017,,"for the treatment of scurvy in adult and pediatric patients age 5 months and older for whom oral administrtaion is not possible, insufficient or contraindicated"
dihydroxyacetone + alcohol,Dehydrated Alcohol,0.7899509803921568,76.19047619047619,76.19047619047619,Fuzzy,,21/06/2018,,ABLYSINOL is indicated to induce controlled cardiac septal infarction to improve exercise capacity in adults with symptomatic hypertrophic obstructive cardiomyopathy who are not candidates for surgical myectomy.
oseltamivir phosphate,Ruxolitinib Phosphate,0.7873015873015873,71.42857142857143,71.42857142857143,Fuzzy,,16/11/2011,,"Treatment of patients with intermediate or high-risk myelofibrosis, including primary myelofibrosis, post-polycythemia vera myelofibrosis and post-essential thrombocythemia myelofibrosis"
ranolazine extended release,Tacrolimus Extended-Release Capsules,0.7867686527106817,74.4186046511628,66.66666666666667,Fuzzy,,29/11/2018,,prophylaxis of organ rejection in kidney transplant patients in combination with other immunosuppressants in adult and pediatric patients.
carbenoxolone sodium,Cromolyn Sodium,0.7857692307692308,74.28571428571428,74.28571428571429,Fuzzy,,22/12/1989,,
acetylsalicylic acid,Aminosalicylic Acid,0.7818421052631579,76.92307692307692,76.92307692307692,Fuzzy,,30/06/1994,,Treatment of tuberculosis
ketorolac tromethamine,Lodoxamide Tromethamine,0.7743375786854049,71.11111111111111,71.11111111111111,Fuzzy,,23/09/1993,,"Treatment of ocular disorders referred to by the terms vernal keratoconjunctivitis, vernal conjunctivitis, vernal keratitis."
r-hu-coagulation factor vii,Coagulation Factor Ix,0.7477072310405642,92.3076923076923,83.33333333333334,Fuzzy,,20/08/1992,,"Prevention and control of bleeding in factor IX deficiency, also known as hemophilia B or Christmas disease."
drotrecogin alpha,Thyrotropin Alpha,0.7405731523378583,76.47058823529412,76.47058823529412,Fuzzy,,30/11/1998,,As an adjunctive diagnostic tool for serum thyroglobulin (Tg) testing with or without radioiodine imaging in the follow-up of patients with thyroid cancer.
l-asparaginase,Erwinia L-Asparaginase,0.735930735930736,100.0,77.77777777777779,Fuzzy,,18/11/2011,,Treatment of patients with acute lymphoblastic leukemia (ALL) who have developed hypersensitivity to E. coli-derived asparaginase.
loxitalamic acid meglumine,Tafamidis Meglumine,0.7318806064936095,66.66666666666666,71.11111111111111,Fuzzy,,03/05/2019,,VYNDAQEL and VYNDAMAX are indicated for the treatment of the cardiomyopathy of wild type or hereditary transthyretin-mediated amyloidosis (ATTR-CM) in adults to reduce cardiovascular mortality and cardiovascular-related hospitalization.
r-human interferon beta 1a,Interferon Beta-1A,0.7307692307692308,100.0,81.81818181818181,Fuzzy,,17/05/1996,,Treatment of relapsing forms of multiple sclerosis to slow the accumulation of physical disability and decrease the frequency of clinical exacerbations.
ursodeoxycholic acid,Obeticholic Acid,0.7182692307692307,72.22222222222223,72.22222222222221,Fuzzy,,27/05/2016,,"Treatment of primary biliary cholangitis (PBC) in combination with ursodeoxycholic acid (UDCA) in adults with an inadequate response to UDCA, or as monotherapy in adults unable to tolerate UDCA"
heparinoid + hyaluronidase,Efgartigimod Alfa And Hyaluronidase-Qvfc,0.7161616161616161,70.27027027027027,62.5,Fuzzy,,20/06/2023,,treatment of generalized myasthenia gravis (gMG) in adult patients who are anti-acetylcholine receptor (AChR) antibody positive
salmon calcitonin,Calcitonin-Human For,0.6983193277310923,74.07407407407408,54.054054054054056,Fuzzy,,31/10/1986,,
niflumic acid,Carglumic Acid,0.6945054945054946,74.07407407407408,74.07407407407408,Fuzzy,,18/03/2010,,As an adjunctive therapy for the treatment of acute hyperammonemia due to the deficiency of the hepatic enzyme N-acetylglutamate synthase (NAGS) and as manitenance therapy for chronic hyperammonemia due to NAGS deficiency
frusemide + potassium chloride,Potassium Iodide,0.6904761904761904,72.0,63.63636363636363,Fuzzy,,12/01/2005,,For use as a thyroid blocking agent in pediatric patients exposed to radiactive iodine
horse anti human lymphocyte globulin,Anthrax Immune Globulin (Human),0.678639846743295,70.76923076923077,52.3076923076923,Fuzzy,,24/03/2015,,Treatment of inhalational anthrax in adult and pediatric patients in combination with appropriate antibacterial drugs
sodium fluoride,Porfimer Sodium,0.6777777777777777,73.33333333333333,40.0,Fuzzy,,27/12/1995,,"Photodynamic therapy with PHOTOFRIN for the palliation of patients with completely obstructing esophageal cancer, or of patients with partially obstructing esophageal cancer who cannot be satisfactorily treated with Nd:YAG laser therapy."
influenza vaccine inactivated,"Japanese Encephalitis Vaccine, Inactivated, Adsorbed",0.6773121131741822,79.16666666666667,60.75949367088608,Fuzzy,,17/05/2013,,IXIARO is a vaccine indicated for the prevention of disease caused by Japanese encephalitis virus (JEV). IXIARO is approved for use in individuals 2 months of age and older.
concentrated potassium chloride,Potassium Citrate,0.6732685009487666,70.83333333333333,54.16666666666667,Fuzzy,,07/08/1985,,Prevention of recurring calcium conating stines associated with a deficiency in the urine.
human tissue type plasminogen activation,"Plasminogen, Human-Tvmh",0.6696969696969698,87.17948717948718,48.38709677419355,Fuzzy,,04/06/2021,,Treatment of patients with plasminogen deficiency type 1 (hypoplasminogenemia).
